mask,bits,rank,enable_batching,enable_deduplication,enable_result_cache,enable_relational_prefilter,reuse_kernel_plan,enable_join_reduction,enable_selective_fallback,median_ms,min_ms,max_ms,reduction_ms,semantic_ms,join_ms,result_rows,Batch Size,Cache Hits,Candidate Rows,Kernel Calls,Kernel Inputs,round_1_ms,round_2_ms,round_3_ms,round_4_ms,round_5_ms,round_6_ms,round_7_ms
0,0000000,128,0,0,0,0,0,0,0,1078.714,964.279,1217.393,13.665,1063.296,2.002,1326,1,0,8192,8108,8108,971.681,964.279,1217.393,1078.714,1080.864,980.183,1131.026
1,1000000,85,1,0,0,0,0,0,0,47.032,44.391,72.433,14.274,30.872,1.966,1326,128,0,8192,64,8108,47.856,48.599,72.433,47.032,44.843,46.283,44.391
2,0100000,127,0,1,0,0,0,0,0,1035.725,991.54,1242.513,13.873,1016.47,1.974,1326,1,0,8192,8108,8108,1022.613,991.54,1063.186,1242.513,1140.139,994.25,1035.725
3,1100000,43,1,1,0,0,0,0,0,33.557,32.538,47.229,13.506,18.834,1.647,1326,128,0,8192,64,2048,33.557,47.229,35.812,34.119,33.362,33.038,32.538
4,0010000,92,0,0,1,0,0,0,0,49.888,49.055,61.112,13.952,34.64,1.736,1326,1,7852,8192,256,256,51.351,49.055,61.08,49.617,49.888,49.362,61.112
5,1010000,16,1,0,1,0,0,0,0,22.142,21.172,30.769,13.975,7.552,1.633,1326,128,7094,8192,8,1014,21.172,21.682,21.79,30.769,24.448,22.142,24.463
6,0110000,95,0,1,1,0,0,0,0,51.798,50.612,65.662,13.509,36.891,1.609,1326,1,7852,8192,256,256,65.662,50.96,50.612,51.798,52.244,51.691,54.453
7,1110000,10,1,1,1,0,0,0,0,20.561,19.204,39.133,13.346,5.385,1.541,1326,128,7094,8192,8,256,19.204,21.566,20.647,39.133,19.64,20.561,19.732
8,0001000,118,0,0,0,1,0,0,0,521.401,487.091,862.973,14.378,505.347,1.964,1326,1,0,4096,4052,4052,862.973,521.401,567.729,588.498,495.448,487.091,492.997
9,1001000,23,1,0,0,1,0,0,0,30.502,29.273,34.969,13.227,15.695,1.605,1326,128,0,4096,32,4052,30.089,30.193,29.273,33.477,31.003,30.502,34.969
10,0101000,119,0,1,0,1,0,0,0,527.0,504.856,585.481,14.548,510.161,2.009,1326,1,0,4096,4052,4052,552.86,569.424,525.401,515.275,527.0,585.481,504.856
11,1101000,18,1,1,0,1,0,0,0,24.734,24.245,27.667,13.321,10.378,1.509,1326,128,0,4096,32,1024,24.734,24.637,24.245,27.667,26.808,24.318,25.553
12,0011000,50,0,0,1,1,0,0,0,34.889,32.289,45.851,13.992,18.831,1.762,1326,1,3924,4096,128,128,45.851,36.382,40.503,32.386,32.289,32.391,34.889
13,1011000,8,1,0,1,1,0,0,0,19.31,18.011,20.486,13.599,4.112,1.422,1326,128,3548,4096,4,504,19.31,19.399,19.43,18.509,20.486,18.011,19.043
14,0111000,51,0,1,1,1,0,0,0,34.912,33.671,38.41,13.411,19.644,1.804,1326,1,3924,4096,128,128,33.671,38.41,36.052,34.295,34.912,34.353,35.797
15,1111000,5,1,1,1,1,0,0,0,18.828,17.291,21.03,13.565,3.469,1.52,1326,128,3548,4096,4,128,19.332,21.03,17.291,18.828,18.979,17.927,17.861
16,0000100,125,0,0,0,0,1,0,0,950.165,916.257,1038.557,13.233,933.194,1.965,1326,1,0,8192,8108,8108,1038.557,950.165,950.184,990.618,943.593,916.257,918.773
17,1000100,83,1,0,0,0,1,0,0,46.398,43.861,54.646,13.79,30.708,1.589,1326,128,0,8192,64,8108,46.389,43.861,54.646,46.48,46.78,45.319,46.398
18,0100100,126,0,1,0,0,1,0,0,964.392,945.718,1275.432,13.457,949.345,1.96,1326,1,0,8192,8108,8108,1275.432,951.82,964.392,1075.737,991.621,953.588,945.718
19,1100100,41,1,1,0,0,1,0,0,33.283,31.765,34.331,13.136,18.204,1.716,1326,128,0,8192,64,2048,31.768,32.512,33.831,33.498,34.331,33.283,31.765
20,0010100,94,0,0,1,0,1,0,0,51.104,46.54,125.176,14.615,34.544,1.827,1326,1,7852,8192,256,256,46.54,53.923,125.176,49.077,51.104,53.67,47.245
21,1010100,14,1,0,1,0,1,0,0,21.6,20.417,23.441,13.422,6.869,1.456,1326,128,7094,8192,8,1014,22.033,21.6,21.271,23.441,23.418,20.417,21.384
22,0110100,96,0,1,1,0,1,0,0,53.714,51.765,108.489,14.046,38.474,1.809,1326,1,7852,8192,256,256,52.285,53.66,60.858,108.489,53.714,91.379,51.765
23,1110100,9,1,1,1,0,1,0,0,20.198,18.812,32.757,13.675,5.184,1.467,1326,128,7094,8192,8,256,19.192,20.983,32.757,21.836,20.198,20.062,18.812
24,0001100,113,0,0,0,1,1,0,0,484.862,470.439,500.597,13.329,468.483,1.899,1326,1,0,4096,4052,4052,483.745,470.439,475.686,500.597,495.865,484.862,488.211
25,1001100,28,1,0,0,1,1,0,0,31.405,29.738,38.677,13.741,16.088,1.736,1326,128,0,4096,32,4052,29.738,32.112,38.677,31.405,31.293,30.701,34.126
26,0101100,114,0,1,0,1,1,0,0,492.662,476.546,541.275,13.438,476.406,2.06,1326,1,0,4096,4052,4052,500.965,476.546,490.791,541.275,510.247,492.662,482.257
27,1101100,19,1,1,0,1,1,0,0,24.802,24.176,36.614,13.256,10.0,1.574,1326,128,0,4096,32,1024,24.802,24.176,24.183,25.536,36.614,24.623,25.576
28,0011100,45,0,0,1,1,1,0,0,33.639,31.753,36.977,14.007,18.253,1.73,1326,1,3924,4096,128,128,31.753,31.934,33.385,34.479,33.639,35.605,36.977
29,1011100,7,1,0,1,1,1,0,0,19.098,17.881,25.237,13.538,4.406,1.603,1326,128,3548,4096,4,504,19.098,18.664,25.237,20.234,17.881,18.959,23.242
30,0111100,49,0,1,1,1,1,0,0,34.19,32.812,37.145,13.656,19.002,1.547,1326,1,3924,4096,128,128,36.027,32.812,36.258,34.19,37.145,32.893,33.263
31,1111100,4,1,1,1,1,1,0,0,18.762,17.911,32.147,13.519,3.725,1.541,1326,128,3548,4096,4,128,18.449,17.911,32.147,18.762,18.839,18.382,19.913
32,0000010,117,0,0,0,0,0,1,0,517.346,506.869,723.0,28.503,485.614,1.815,1326,1,0,4096,4054,4054,509.18,521.919,545.425,517.346,506.869,723.0,514.983
33,1000010,80,1,0,0,0,0,1,0,45.4,44.41,88.448,27.65,16.241,1.561,1326,128,0,4096,32,4054,45.996,44.41,88.448,44.553,45.4,44.977,49.986
34,0100010,120,0,1,0,0,0,1,0,536.82,522.638,574.93,27.679,506.141,1.879,1326,1,0,4096,4054,4054,574.93,527.937,522.638,526.44,556.788,544.331,536.82
35,1100010,59,1,1,0,0,0,1,0,38.072,37.56,43.55,27.002,9.733,1.478,1326,128,0,4096,32,1024,40.061,37.56,37.578,38.072,38.723,43.55,37.651
36,0010010,87,0,0,1,0,0,1,0,47.408,44.825,57.319,27.325,18.417,1.632,1326,1,3926,4096,128,128,47.408,44.825,47.689,45.017,45.392,57.319,50.848
37,1010010,46,1,0,1,0,0,1,0,33.848,32.967,37.814,28.273,4.306,1.393,1326,128,3547,4096,4,507,33.7,36.658,37.814,34.459,32.967,33.848,33.099
38,0110010,91,0,1,1,0,0,1,0,48.74,46.995,51.602,27.631,19.419,1.556,1326,1,3926,4096,128,128,50.418,47.792,46.995,48.74,48.776,51.602,48.306
39,1110010,42,1,1,1,0,0,1,0,33.411,30.649,51.164,28.378,3.47,1.39,1326,128,3547,4096,4,128,30.649,33.411,32.111,30.819,34.116,51.164,33.515
40,0001010,102,0,0,0,1,0,1,0,277.086,267.619,293.843,27.649,246.379,1.891,1326,1,0,2048,2026,2026,283.915,277.086,267.667,267.619,271.38,293.843,290.78
41,1001010,65,1,0,0,1,0,1,0,38.585,35.852,41.413,27.761,8.888,1.438,1326,128,0,2048,16,2026,36.005,35.852,39.67,37.675,38.644,38.585,41.413
42,0101010,103,0,1,0,1,0,1,0,282.949,276.715,333.295,27.362,254.967,1.852,1326,1,0,2048,2026,2026,279.322,281.805,284.694,333.295,282.949,276.715,284.064
43,1101010,53,1,1,0,1,0,1,0,35.463,33.511,42.526,27.781,5.994,1.557,1326,128,0,2048,16,512,35.722,35.463,42.526,33.511,36.413,34.512,34.532
44,0011010,72,0,0,1,1,0,1,0,40.365,37.589,62.079,28.135,10.151,1.508,1326,1,1962,2048,64,64,38.187,43.284,40.619,62.079,39.134,40.365,37.589
45,1011010,36,1,0,1,1,0,1,0,32.349,31.672,49.688,27.712,2.9,1.48,1326,128,1774,2048,2,252,31.672,32.055,49.688,33.422,31.915,32.349,32.423
46,0111010,71,0,1,1,1,0,1,0,40.169,36.894,41.594,27.909,10.65,1.447,1326,1,1962,2048,64,64,36.894,40.169,40.733,41.594,38.593,39.038,40.671
47,1111010,24,1,1,1,1,0,1,0,30.58,29.783,49.97,26.915,2.359,1.308,1326,128,1774,2048,2,64,29.783,30.633,49.97,30.289,30.58,31.458,30.312
48,0000110,116,0,0,0,0,1,1,0,510.86,476.448,581.401,28.227,480.607,1.95,1326,1,0,4096,4054,4054,520.785,510.86,476.448,581.401,483.167,544.107,489.682
49,1000110,78,1,0,0,0,1,1,0,44.63,43.225,47.816,27.557,15.776,1.536,1326,128,0,4096,32,4054,43.225,44.91,43.622,46.155,47.816,44.63,44.52
50,0100110,115,0,1,0,0,1,1,0,509.815,502.196,531.473,27.777,481.165,1.942,1326,1,0,4096,4054,4054,502.196,521.285,509.815,507.223,509.714,531.473,527.049
51,1100110,61,1,1,0,0,1,1,0,38.147,37.015,69.601,27.33,9.818,1.437,1326,128,0,4096,32,1024,39.18,37.411,37.015,38.147,43.739,69.601,37.853
52,0010110,82,0,0,1,0,1,1,0,46.342,45.208,51.952,27.667,17.459,1.455,1326,1,3926,4096,128,128,46.342,45.447,45.208,51.952,50.48,47.879,46.163
53,1010110,47,1,0,1,0,1,1,0,33.991,32.193,60.143,28.044,4.158,1.568,1326,128,3547,4096,4,507,33.991,32.988,34.308,60.143,37.125,33.978,32.193
54,0110110,88,0,1,1,0,1,1,0,47.969,46.003,54.749,27.672,18.582,1.523,1326,1,3926,4096,128,128,48.27,47.969,46.003,54.749,49.96,47.503,47.056
55,1110110,48,1,1,1,0,1,1,0,34.185,31.292,38.808,28.846,3.663,1.467,1326,128,3547,4096,4,128,32.96,32.961,35.044,31.292,34.185,35.733,38.808
56,0001110,101,0,0,0,1,1,1,0,258.263,253.635,282.089,27.353,228.031,1.827,1326,1,0,2048,2026,2026,261.009,255.228,253.635,282.089,266.54,258.263,254.71
57,1001110,63,1,0,0,1,1,1,0,38.503,36.214,40.305,28.249,8.688,1.55,1326,128,0,2048,16,2026,36.214,37.816,38.503,40.186,40.042,40.305,38.036
58,0101110,104,0,1,0,1,1,1,0,284.885,260.87,453.248,27.461,253.161,1.905,1326,1,0,2048,2026,2026,453.248,290.668,260.87,297.131,268.387,272.364,284.885
59,1101110,57,1,1,0,1,1,1,0,36.489,33.72,55.4,28.112,6.838,1.709,1326,128,0,2048,16,512,55.4,34.222,44.991,36.489,49.159,33.72,35.35
60,0011110,60,0,0,1,1,1,1,0,38.103,36.026,44.38,27.004,9.652,1.486,1326,1,1962,2048,64,64,38.241,38.103,36.026,44.38,42.893,37.816,37.782
61,1011110,37,1,0,1,1,1,1,0,33.141,30.475,35.714,28.813,2.833,1.36,1326,128,1774,2048,2,252,34.985,30.885,30.475,33.141,35.714,32.388,33.218
62,0111110,70,0,1,1,1,1,1,0,40.097,37.887,42.228,27.796,10.603,1.5,1326,1,1962,2048,64,64,41.589,37.887,40.097,38.591,42.228,38.937,40.256
63,1111110,26,1,1,1,1,1,1,0,31.369,29.648,34.873,27.572,2.446,1.397,1326,128,1774,2048,2,64,32.455,31.369,29.648,31.887,34.873,30.781,31.16
64,0000001,122,0,0,0,0,0,0,1,879.696,854.815,958.227,13.526,862.832,2.13,1326,1,0,8192,8108,8108,958.227,857.412,854.815,873.962,884.205,886.294,879.696
65,1000001,69,1,0,0,0,0,0,1,39.918,39.47,52.004,13.405,25.368,1.689,1326,128,0,8192,64,8108,42.26,39.918,39.47,52.004,39.814,39.812,44.835
66,0100001,124,0,1,0,0,0,0,1,930.537,892.792,1228.562,13.372,915.447,1.933,1326,1,0,8192,8108,8108,1042.007,930.537,1228.562,892.792,897.261,1115.96,905.947
67,1100001,33,1,1,0,0,0,0,1,31.929,30.08,41.227,13.341,17.086,1.64,1326,128,0,8192,64,2048,31.763,30.08,31.929,31.175,41.227,34.082,32.449
68,0010001,89,0,0,1,0,0,0,1,47.983,45.116,82.211,13.898,32.14,1.945,1326,1,7852,8192,256,256,82.211,46.49,45.116,61.746,47.983,45.732,49.459
69,1010001,12,1,0,1,0,0,0,1,20.771,19.839,22.543,13.393,5.974,1.47,1326,128,7094,8192,8,1014,20.627,21.483,19.839,22.543,21.788,20.771,20.627
70,0110001,93,0,1,1,0,0,0,1,50.078,47.063,50.696,13.231,34.411,1.645,1326,1,7852,8192,256,256,47.063,48.479,50.222,50.696,50.078,50.569,47.29
71,1110001,11,1,1,1,0,0,0,1,20.577,19.621,22.633,13.516,5.392,1.623,1326,128,7094,8192,8,256,19.669,21.286,19.73,19.621,22.472,20.577,22.633
72,0001001,108,0,0,0,1,0,0,1,453.326,433.739,465.242,13.258,437.521,1.999,1326,1,0,4096,4052,4052,437.055,465.242,453.326,455.964,454.124,435.156,433.739
73,1001001,21,1,0,0,1,0,0,1,29.105,27.317,35.047,13.726,13.769,1.691,1326,128,0,4096,32,4052,29.105,28.404,35.047,27.418,31.376,30.391,27.317
74,0101001,110,0,1,0,1,0,0,1,460.913,448.529,474.18,13.158,445.41,1.899,1326,1,0,4096,4052,4052,468.705,448.529,450.947,466.051,474.18,460.913,450.927
75,1101001,20,1,1,0,1,0,0,1,25.603,22.941,25.867,13.501,9.38,1.675,1326,128,0,4096,32,1024,25.685,25.77,23.02,25.603,25.867,24.967,22.941
76,0011001,35,0,0,1,1,0,0,1,32.243,29.532,33.006,13.677,16.596,1.548,1326,1,3924,4096,128,128,33.006,32.243,29.672,32.62,32.595,30.485,29.532
77,1011001,2,1,0,1,1,0,0,1,18.449,17.794,19.951,13.177,3.828,1.401,1326,128,3548,4096,4,504,18.917,19.951,18.0,18.95,18.234,17.794,18.449
78,0111001,38,0,1,1,1,0,0,1,33.158,31.142,46.227,12.761,18.305,2.17,1326,1,3924,4096,128,128,46.227,31.647,40.253,31.358,31.142,33.158,36.366
79,1111001,6,1,1,1,1,0,0,1,18.971,17.027,30.959,13.74,3.717,1.514,1326,128,3548,4096,4,128,30.959,18.971,23.936,17.814,17.798,17.027,22.321
80,0000101,121,0,0,0,0,1,0,1,844.884,802.24,898.28,13.959,828.99,2.108,1326,1,0,8192,8108,8108,802.24,854.871,839.794,893.029,844.884,898.28,840.39
81,1000101,74,1,0,0,0,1,0,1,40.966,38.578,47.792,13.784,24.871,1.797,1326,128,0,8192,64,8108,41.448,47.792,38.578,39.407,40.966,39.347,45.279
82,0100101,123,0,1,0,0,1,0,1,898.257,837.816,1077.915,13.023,881.966,2.263,1326,1,0,8192,8108,8108,863.439,926.062,1077.915,963.198,862.838,837.816,898.257
83,1100101,30,1,1,0,0,1,0,1,31.474,29.984,37.794,13.53,16.45,1.619,1326,128,0,8192,64,2048,31.841,30.891,37.794,34.618,29.984,31.021,31.474
84,0010101,79,0,0,1,0,1,0,1,44.888,42.55,49.33,13.354,29.994,1.561,1326,1,7852,8192,256,256,49.33,43.692,46.445,42.55,48.341,44.389,44.888
85,1010101,15,1,0,1,0,1,0,1,21.892,20.15,27.734,13.902,6.29,1.616,1326,128,7094,8192,8,1014,20.15,20.229,21.892,23.461,27.734,22.057,21.094
86,0110101,90,0,1,1,0,1,0,1,48.492,45.543,70.373,13.773,33.071,1.877,1326,1,7852,8192,256,256,55.878,45.543,70.373,49.507,48.178,48.492,47.676
87,1110101,13,1,1,1,0,1,0,1,21.138,19.524,38.821,14.073,6.237,1.616,1326,128,7094,8192,8,256,19.569,19.524,37.457,21.138,22.884,38.821,21.089
88,0001101,106,0,0,0,1,1,0,1,444.332,416.375,597.0,13.412,426.471,1.974,1326,1,0,4096,4052,4052,444.332,461.96,416.375,530.006,437.858,597.0,421.423
89,1001101,22,1,0,0,1,1,0,1,29.138,28.434,31.822,13.766,13.579,1.708,1326,128,0,4096,32,4052,31.822,29.347,28.965,28.939,29.138,28.434,31.396
90,0101101,107,0,1,0,1,1,0,1,447.382,429.278,486.217,13.291,430.647,1.986,1326,1,0,4096,4052,4052,451.246,429.278,449.239,447.382,441.116,486.217,432.68
91,1101101,17,1,1,0,1,1,0,1,23.561,22.927,25.587,13.005,8.997,1.517,1326,128,0,4096,32,1024,23.677,22.927,23.561,24.99,25.587,22.927,23.046
92,0011101,29,0,0,1,1,1,0,1,31.464,30.241,34.359,13.732,15.89,1.842,1326,1,3924,4096,128,128,30.741,33.436,30.765,34.039,31.464,34.359,30.241
93,1011101,3,1,0,1,1,1,0,1,18.53,17.926,21.723,13.161,3.904,1.538,1326,128,3548,4096,4,504,18.451,18.53,17.926,21.723,18.151,18.894,19.27
94,0111101,25,0,1,1,1,1,0,1,31.215,30.668,33.815,13.196,16.695,1.479,1326,1,3924,4096,128,128,33.126,31.129,33.815,31.37,30.668,31.215,31.212
95,1111101,1,1,1,1,1,1,0,1,17.995,17.137,20.614,13.367,3.346,1.437,1326,128,3548,4096,4,128,17.995,20.614,17.137,17.977,19.294,17.453,18.24
96,0000011,111,0,0,0,0,0,1,1,463.931,448.557,657.493,27.601,434.659,1.744,1326,1,0,4096,4054,4054,463.931,460.9,636.17,657.493,477.134,448.557,449.156
97,1000011,75,1,0,0,0,0,1,1,42.162,39.749,44.107,27.334,13.318,1.54,1326,128,0,4096,32,4054,44.055,44.107,41.72,42.483,42.162,41.71,39.749
98,0100011,112,0,1,0,0,0,1,1,484.672,468.991,505.25,27.379,452.918,1.771,1326,1,0,4096,4054,4054,490.441,487.149,468.991,471.966,505.25,484.672,472.162
99,1100011,68,1,1,0,0,0,1,1,39.351,36.894,60.371,28.936,9.646,1.559,1326,128,0,4096,32,1024,38.726,43.732,60.371,38.594,40.766,39.351,36.894
100,0010011,81,0,0,1,0,0,1,1,45.833,44.063,49.254,28.107,15.956,1.636,1326,1,3926,4096,128,128,45.833,44.338,44.389,49.254,47.691,44.063,46.231
101,1010011,54,1,0,1,0,0,1,1,35.574,31.911,50.402,30.339,3.9,1.509,1326,128,3547,4096,4,507,31.911,32.035,50.402,35.574,38.975,32.191,35.856
102,0110011,84,0,1,1,0,0,1,1,46.896,45.26,48.891,27.372,17.643,1.652,1326,1,3926,4096,128,128,46.896,47.417,46.939,45.733,45.26,48.891,46.419
103,1110011,34,1,1,1,0,0,1,1,31.937,31.01,35.947,26.93,3.382,1.457,1326,128,3547,4096,4,128,31.489,34.801,33.827,31.937,31.069,35.947,31.01
104,0001011,100,0,0,0,1,0,1,1,255.494,239.694,360.23,28.79,222.226,1.96,1326,1,0,2048,2026,2026,284.824,239.694,289.616,360.23,244.119,242.996,255.494
105,1001011,58,1,0,0,1,0,1,1,37.238,35.699,41.824,27.726,8.021,1.502,1326,128,0,2048,16,2026,35.827,38.867,41.824,37.467,35.699,36.675,37.238
106,0101011,99,0,1,0,1,0,1,1,255.014,245.902,275.991,28.939,224.345,1.794,1326,1,0,2048,2026,2026,264.417,246.575,245.902,269.418,255.014,246.449,275.991
107,1101011,55,1,1,0,1,0,1,1,35.992,33.598,59.414,28.438,5.733,1.596,1326,128,0,2048,16,512,33.656,35.992,48.6,59.414,33.614,33.598,36.376
108,0011011,73,0,0,1,1,0,1,1,40.892,37.187,46.203,30.126,9.328,1.492,1326,1,1962,2048,64,64,40.892,37.187,37.328,38.127,41.885,42.589,46.203
109,1011011,31,1,0,1,1,0,1,1,31.503,30.77,41.898,27.365,2.938,1.439,1326,128,1774,2048,2,252,31.503,31.238,41.898,31.38,30.77,33.979,35.306
110,0111011,66,0,1,1,1,0,1,1,39.233,38.747,42.988,27.989,10.168,1.562,1326,1,1962,2048,64,64,40.811,38.747,40.916,39.233,42.988,39.142,39.003
111,1111011,40,1,1,1,1,0,1,1,33.257,30.03,79.637,28.573,2.564,1.492,1326,128,1774,2048,2,64,79.637,30.402,33.257,30.03,33.372,31.537,34.896
112,0000111,105,0,0,0,0,1,1,1,439.211,428.462,525.323,27.043,411.006,1.81,1326,1,0,4096,4054,4054,462.266,428.462,434.54,439.211,433.945,525.323,450.174
113,1000111,77,1,0,0,0,1,1,1,44.247,41.828,52.486,29.366,13.813,1.71,1326,128,0,4096,32,4054,41.828,47.194,43.055,52.486,44.247,42.039,45.952
114,0100111,109,0,1,0,0,1,1,1,453.471,441.445,465.726,27.674,424.508,1.808,1326,1,0,4096,4054,4054,457.678,465.726,446.052,453.471,459.319,448.922,441.445
115,1100111,62,1,1,0,0,1,1,1,38.221,36.737,40.756,27.559,9.084,1.4,1326,128,0,4096,32,1024,38.423,38.221,40.756,36.737,39.024,37.609,37.445
116,0010111,76,0,0,1,0,1,1,1,43.967,43.047,201.754,27.344,15.177,1.446,1326,1,3926,4096,128,128,43.081,44.722,201.754,43.379,43.047,44.54,43.967
117,1010111,39,1,0,1,0,1,1,1,33.158,32.14,37.479,27.643,3.848,1.424,1326,128,3547,4096,4,507,32.604,34.783,34.869,33.158,37.479,32.257,32.14
118,0110111,86,0,1,1,0,1,1,1,47.342,43.781,51.874,28.304,17.29,1.719,1326,1,3926,4096,128,128,43.781,47.897,51.874,49.291,47.342,45.498,45.346
119,1110111,44,1,1,1,0,1,1,1,33.611,32.597,41.787,28.846,3.531,1.346,1326,128,3547,4096,4,128,33.401,32.597,41.787,33.611,36.328,33.059,34.107
120,0001111,97,0,0,0,1,1,1,1,231.806,225.406,251.668,26.703,203.443,1.884,1326,1,0,2048,2026,2026,251.668,237.437,231.806,229.912,235.899,226.039,225.406
121,1001111,56,1,0,0,1,1,1,1,36.177,33.835,38.222,27.819,7.007,1.465,1326,128,0,2048,16,2026,33.835,36.177,34.773,35.814,38.222,38.163,37.27
122,0101111,98,0,1,0,1,1,1,1,248.726,234.463,256.928,27.183,218.64,1.666,1326,1,0,2048,2026,2026,252.678,256.521,234.463,256.928,248.726,242.766,241.178
123,1101111,52,1,1,0,1,1,1,1,35.227,34.002,42.535,27.872,5.714,1.656,1326,128,0,2048,16,512,34.949,35.227,34.002,37.229,42.535,37.674,34.014
124,0011111,64,0,0,1,1,1,1,1,38.553,36.397,42.386,28.241,8.773,1.637,1326,1,1962,2048,64,64,42.386,37.937,41.586,38.553,36.397,39.784,36.64
125,1011111,27,1,0,1,1,1,1,1,31.399,30.387,60.01,27.167,2.578,1.395,1326,128,1774,2048,2,252,31.118,33.602,32.906,31.399,31.062,60.01,30.387
126,0111111,67,0,1,1,1,1,1,1,39.307,37.238,42.814,28.135,9.562,1.422,1326,1,1962,2048,64,64,37.851,39.307,37.238,42.814,40.393,37.693,40.457
127,1111111,32,1,1,1,1,1,1,1,31.753,29.513,37.137,27.355,2.708,1.55,1326,128,1774,2048,2,64,32.787,31.753,29.513,30.347,31.048,34.657,37.137
